<?xml version="1.0" encoding="UTF-8"?>

<mule xmlns:file="http://www.mulesoft.org/schema/mule/file" xmlns:dw="http://www.mulesoft.org/schema/mule/ee/dw" xmlns="http://www.mulesoft.org/schema/mule/core" xmlns:doc="http://www.mulesoft.org/schema/mule/documentation"
	xmlns:spring="http://www.springframework.org/schema/beans" 
	xmlns:xsi="http://www.w3.org/2001/XMLSchema-instance"
	xsi:schemaLocation="http://www.springframework.org/schema/beans http://www.springframework.org/schema/beans/spring-beans-current.xsd
http://www.mulesoft.org/schema/mule/core http://www.mulesoft.org/schema/mule/core/current/mule.xsd
http://www.mulesoft.org/schema/mule/file http://www.mulesoft.org/schema/mule/file/current/mule-file.xsd
http://www.mulesoft.org/schema/mule/ee/dw http://www.mulesoft.org/schema/mule/ee/dw/current/dw.xsd">
    <file:connector name="File" autoDelete="false" streaming="true" validateConnections="true" doc:name="File"/>
    <flow name="dateconvFlow">
        <file:inbound-endpoint path="D:\Edrive\Muel_soft\Cash_Receipt\CashReceiptFile" connector-ref="File" pollingFrequency="10000" fileAge="5000" responseTimeout="10000" doc:name="File"/>
        <dw:transform-message doc:name="Transform Message">
            <dw:set-payload><![CDATA[%dw 1.0
%output application/java
---
payload map ((payload01 , indexOfPayload01) -> {
	
	BillingDate: payload01.Receipt_Date as :date {format: "dd-MMM-yyyy"} as :string {format: "yyyy-MM-dd"},
	GlDate: payload01.Receipt_Date as :date {format: "dd-MMM-yyyy"} as :string {format: "yyyy-MM-dd"},
	TrxDate: payload01.Deposit_Date as :date {format: "dd-MMM-yyyy"} as :string {format: "yyyy-MM-dd"}
})]]></dw:set-payload>
        </dw:transform-message>
        <logger message="#[message.payloadAs(java.lang.String)]" level="INFO" doc:name="Logger"/>
    </flow>
</mule>
