<?xml version="1.0" encoding="UTF-8"?>

<mule xmlns:dw="http://www.mulesoft.org/schema/mule/ee/dw" xmlns:sftp="http://www.mulesoft.org/schema/mule/sftp" xmlns:jersey="http://www.mulesoft.org/schema/mule/jersey" xmlns:http="http://www.mulesoft.org/schema/mule/http" xmlns="http://www.mulesoft.org/schema/mule/core" xmlns:doc="http://www.mulesoft.org/schema/mule/documentation"
	xmlns:spring="http://www.springframework.org/schema/beans" 
	xmlns:xsi="http://www.w3.org/2001/XMLSchema-instance"
	xsi:schemaLocation="http://www.springframework.org/schema/beans http://www.springframework.org/schema/beans/spring-beans-current.xsd
http://www.mulesoft.org/schema/mule/core http://www.mulesoft.org/schema/mule/core/current/mule.xsd
http://www.mulesoft.org/schema/mule/http http://www.mulesoft.org/schema/mule/http/current/mule-http.xsd
http://www.mulesoft.org/schema/mule/jersey http://www.mulesoft.org/schema/mule/jersey/current/mule-jersey.xsd
http://www.mulesoft.org/schema/mule/sftp http://www.mulesoft.org/schema/mule/sftp/current/mule-sftp.xsd
http://www.mulesoft.org/schema/mule/ee/dw http://www.mulesoft.org/schema/mule/ee/dw/current/dw.xsd">
    <http:listener-config name="HTTP_Listener_Configuration" host="localhost" port="8081" doc:name="HTTP Listener Configuration"/>
    <http:listener-config name="HTTP_Listener_Configuration1" host="0.0.0.0" port="8082" doc:name="HTTP Listener Configuration"/>
    

    
    <flow name="restservice_implementationFlow">
        <http:listener config-ref="HTTP_Listener_Configuration" path="/*" doc:name="HTTP"/>
        <logger message="before rest : #[payload]" level="INFO" doc:name="Logger"/>
        <jersey:resources doc:name="REST">
            <component class="restservice_implementation.MessageResource"/>
        </jersey:resources>
        <logger message="aftr rest" level="INFO" doc:name="Logger"/>
    </flow>
    <flow name="restservice_implementationFlow1">
        <http:listener config-ref="HTTP_Listener_Configuration1" path="/*" doc:name="HTTP"/>
        <jersey:resources doc:name="REST">
            <component class="restservice_implementation.HelloWorld"/>
        </jersey:resources>
        <logger message="After publishing rest service : #[payload] " level="INFO" doc:name="Logger"/>
    </flow>
</mule>
